"ASIN","Title","Price","Item_url","Prime","Pictures_list","URL"
"B07NS78QWX","ドラゴンボールZフィギュア DRAGONBALL Z DOKKAN BATTLE 4TH ANNIVERSARY FIGURE -【全1種】 （プライズ）","￥ 2,798","https://www.amazon.co.jp/gp/slredirect/picassoRedirect.html/ref=pa_sp_atf_aps_sr_pg1_1?ie=UTF8&adId=A3CGOVVNBL45V8&url=https%3A%2F%2Fwww.amazon.co.jp%2F%25E3%2583%2589%25E3%2583%25A9%25E3%2582%25B4%25E3%2583%25B3%25E3%2583%259C%25E3%2583%25BC%25E3%2583%25ABZ%25E3%2583%2595%25E3%2582%25A3%25E3%2582%25AE%25E3%2583%25A5%25E3%2582%25A2-DRAGONBALL-DOKKAN-BATTLE-ANNIVERSARY%2Fdp%2FB07NS78QWX%2Fref%3Dsr_1_1_sspa%2F355-2805812-2436840%3Fie%3DUTF8%26qid%3D1552485546%26sr%3D8-1-spons%26keywords%3D%25E3%2583%2589%25E3%2583%25A9%25E3%2582%25B4%25E3%2583%25B3%25E3%2583%259C%25E3%2583%25BC%25E3%2583%25AB%2B%25E3%2583%2595%25E3%2582%25A3%25E3%2582%25AE%25E3%2583%25A5%25E3%2582%25A2%26psc%3D1&qualifier=1552485546&id=1818733975317910&widgetName=sp_atf","no prime","['https://images-fe.ssl-images-amazon.com/images/I/41KuVHlsUFL._AC_US200_.jpg,1x,,https://images-fe.ssl-images-amazon.com/images/I/41KuVHlsUFL._AC_US300_QL65_.jpg,1.5x,,https://images-fe.ssl-images-amazon.com/images/I/41KuVHlsUFL._AC_US400_QL65_.jpg,2x,,https://images-fe.ssl-images-amazon.com/images/I/41KuVHlsUFL._AC_US500_QL65_.jpg,2.5000x']","https://www.amazon.co.jp/s/ref=nb_sb_ss_i_1_8?__mk_ja_JP=%E3%82%AB%E3%82%BF%E3%82%AB%E3%83%8A&url=search-alias%3Daps&field-keywords=%E3%83%89%E3%83%A9%E3%82%B4%E3%83%B3%E3%83%9C%E3%83%BC%E3%83%AB+%E3%83%95%E3%82%A3%E3%82%AE%E3%83%A5%E3%82%A2&sprefix=%E3%83%89%E3%83%A9%E3%82%B4%E3%83%B3%E3%83%9C%E3%83%BC%E3%83%AB%E3%80%80%2Caps%2C257&crid=WEGOD18PSAMO"
"B07NZJYTHD","最安！ドラゴンボールGT 究極のフュージョン ビッグバンかめはめ波ーーーっ!!!! 超サイヤ人4 ゴジータ フィギュア 3体set","￥ 11,880","https://www.amazon.co.jp/gp/slredirect/picassoRedirect.html/ref=pa_sp_atf_aps_sr_pg1_2?ie=UTF8&adId=A1N0BSWADL4M6W&url=https%3A%2F%2Fwww.amazon.co.jp%2F%25E6%259C%2580%25E5%25AE%2589%25EF%25BC%2581%25E3%2583%2589%25E3%2583%25A9%25E3%2582%25B4%25E3%2583%25B3%25E3%2583%259C%25E3%2583%25BC%25E3%2583%25ABGT-%25E7%25A9%25B6%25E6%25A5%25B5%25E3%2581%25AE%25E3%2583%2595%25E3%2583%25A5%25E3%2583%25BC%25E3%2582%25B8%25E3%2583%25A7%25E3%2583%25B3-%25E3%2583%2593%25E3%2583%2583%25E3%2582%25B0%25E3%2583%2590%25E3%2583%25B3%25E3%2581%258B%25E3%2582%2581%25E3%2581%25AF%25E3%2582%2581%25E6%25B3%25A2%25E3%2583%25BC%25E3%2583%25BC%25E3%2583%25BC%25E3%2581%25A3-%25E8%25B6%2585%25E3%2582%25B5%25E3%2582%25A4%25E3%2583%25A4%25E4%25BA%25BA4-%25E3%2583%2595%25E3%2582%25A3%25E3%2582%25AE%25E3%2583%25A5%25E3%2582%25A2%2Fdp%2FB07NZJYTHD%2Fref%3Dsr_1_2_sspa%2F355-2805812-2436840%3Fie%3DUTF8%26qid%3D1552485546%26sr%3D8-2-spons%26keywords%3D%25E3%2583%2589%25E3%2583%25A9%25E3%2582%25B4%25E3%2583%25B3%25E3%2583%259C%25E3%2583%25BC%25E3%2583%25AB%2B%25E3%2583%2595%25E3%2582%25A3%25E3%2582%25AE%25E3%2583%25A5%25E3%2582%25A2%26psc%3D1&qualifier=1552485546&id=1818733975317910&widgetName=sp_atf","no prime","['https://images-fe.ssl-images-amazon.com/images/I/51vN3yGNTWL._AC_US200_.jpg,1x,,https://images-fe.ssl-images-amazon.com/images/I/51vN3yGNTWL._AC_US300_QL65_.jpg,1.5x,,https://images-fe.ssl-images-amazon.com/images/I/51vN3yGNTWL._AC_US400_QL65_.jpg,2x,,https://images-fe.ssl-images-amazon.com/images/I/51vN3yGNTWL._AC_US500_QL65_.jpg,2.5000x']","https://www.amazon.co.jp/s/ref=nb_sb_ss_i_1_8?__mk_ja_JP=%E3%82%AB%E3%82%BF%E3%82%AB%E3%83%8A&url=search-alias%3Daps&field-keywords=%E3%83%89%E3%83%A9%E3%82%B4%E3%83%B3%E3%83%9C%E3%83%BC%E3%83%AB+%E3%83%95%E3%82%A3%E3%82%AE%E3%83%A5%E3%82%A2&sprefix=%E3%83%89%E3%83%A9%E3%82%B4%E3%83%B3%E3%83%9C%E3%83%BC%E3%83%AB%E3%80%80%2Caps%2C257&crid=WEGOD18PSAMO"
"B07MVVRR6W","ドラゴンボールGT 究極のフュージョン ビッグバンかめはめ波ーーーっ 超サイヤ人4 ゴジータ フィギュア 全1種 ワーコレ アドバージ","￥ 4,379","https://www.amazon.co.jp/gp/slredirect/picassoRedirect.html/ref=pa_sp_atf_aps_sr_pg1_3?ie=UTF8&adId=A1YTYLL0IQUBTF&url=https%3A%2F%2Fwww.amazon.co.jp%2F%25E3%2583%2589%25E3%2583%25A9%25E3%2582%25B4%25E3%2583%25B3%25E3%2583%259C%25E3%2583%25BC%25E3%2583%25ABGT-%25E7%25A9%25B6%25E6%25A5%25B5%25E3%2581%25AE%25E3%2583%2595%25E3%2583%25A5%25E3%2583%25BC%25E3%2582%25B8%25E3%2583%25A7%25E3%2583%25B3-%25E3%2583%2593%25E3%2583%2583%25E3%2582%25B0%25E3%2583%2590%25E3%2583%25B3%25E3%2581%258B%25E3%2582%2581%25E3%2581%25AF%25E3%2582%2581%25E6%25B3%25A2%25E3%2583%25BC%25E3%2583%25BC%25E3%2583%25BC%25E3%2581%25A3-%25E8%25B6%2585%25E3%2582%25B5%25E3%2582%25A4%25E3%2583%25A4%25E4%25BA%25BA4-%25E3%2583%2595%25E3%2582%25A3%25E3%2582%25AE%25E3%2583%25A5%25E3%2582%25A2%2Fdp%2FB07MVVRR6W%2Fref%3Dsr_1_3_sspa%2F355-2805812-2436840%3Fie%3DUTF8%26qid%3D1552485546%26sr%3D8-3-spons%26keywords%3D%25E3%2583%2589%25E3%2583%25A9%25E3%2582%25B4%25E3%2583%25B3%25E3%2583%259C%25E3%2583%25BC%25E3%2583%25AB%2B%25E3%2583%2595%25E3%2582%25A3%25E3%2582%25AE%25E3%2583%25A5%25E3%2582%25A2%26psc%3D1&qualifier=1552485546&id=1818733975317910&widgetName=sp_atf","no prime","['https://images-fe.ssl-images-amazon.com/images/I/41BhxFf34bL._AC_US200_.jpg,1x,,https://images-fe.ssl-images-amazon.com/images/I/41BhxFf34bL._AC_US300_QL65_.jpg,1.5x,,https://images-fe.ssl-images-amazon.com/images/I/41BhxFf34bL._AC_US400_QL65_.jpg,2x,,https://images-fe.ssl-images-amazon.com/images/I/41BhxFf34bL._AC_US500_QL65_.jpg,2.5000x']","https://www.amazon.co.jp/s/ref=nb_sb_ss_i_1_8?__mk_ja_JP=%E3%82%AB%E3%82%BF%E3%82%AB%E3%83%8A&url=search-alias%3Daps&field-keywords=%E3%83%89%E3%83%A9%E3%82%B4%E3%83%B3%E3%83%9C%E3%83%BC%E3%83%AB+%E3%83%95%E3%82%A3%E3%82%AE%E3%83%A5%E3%82%A2&sprefix=%E3%83%89%E3%83%A9%E3%82%B4%E3%83%B3%E3%83%9C%E3%83%BC%E3%83%AB%E3%80%80%2Caps%2C257&crid=WEGOD18PSAMO"
"B0723FZYLH","ベジータ （ドラゴンボール超 ワールドコレクタブルフィギュアvol.5 アニメ グッズ プライズ バンプレスト）","￥ 50","https://www.amazon.co.jp/gp/slredirect/picassoRedirect.html/ref=pa_sp_atf_aps_sr_pg1_4?ie=UTF8&adId=A10KPG8ZO7Q5RI&url=https%3A%2F%2Fwww.amazon.co.jp%2F%25E3%2583%2599%25E3%2582%25B8%25E3%2583%25BC%25E3%2582%25BF-%25EF%25BC%2588%25E3%2583%2589%25E3%2583%25A9%25E3%2582%25B4%25E3%2583%25B3%25E3%2583%259C%25E3%2583%25BC%25E3%2583%25AB%25E8%25B6%2585-%25E3%2583%25AF%25E3%2583%25BC%25E3%2583%25AB%25E3%2583%2589%25E3%2582%25B3%25E3%2583%25AC%25E3%2582%25AF%25E3%2582%25BF%25E3%2583%2596%25E3%2583%25AB%25E3%2583%2595%25E3%2582%25A3%25E3%2582%25AE%25E3%2583%25A5%25E3%2582%25A2vol-5-%25E3%2583%2597%25E3%2583%25A9%25E3%2582%25A4%25E3%2582%25BA-%25E3%2583%2590%25E3%2583%25B3%25E3%2583%2597%25E3%2583%25AC%25E3%2582%25B9%25E3%2583%2588%25EF%25BC%2589%2Fdp%2FB0723FZYLH%2Fref%3Dsr_1_4_sspa%2F355-2805812-2436840%3Fie%3DUTF8%26qid%3D1552485546%26sr%3D8-4-spons%26keywords%3D%25E3%2583%2589%25E3%2583%25A9%25E3%2582%25B4%25E3%2583%25B3%25E3%2583%259C%25E3%2583%25BC%25E3%2583%25AB%2B%25E3%2583%2595%25E3%2582%25A3%25E3%2582%25AE%25E3%2583%25A5%25E3%2582%25A2%26psc%3D1&qualifier=1552485546&id=1818733975317910&widgetName=sp_atf","no prime","['https://images-fe.ssl-images-amazon.com/images/I/517EOBCcd5L._AC_US200_.jpg,1x,,https://images-fe.ssl-images-amazon.com/images/I/517EOBCcd5L._AC_US300_QL65_.jpg,1.5x,,https://images-fe.ssl-images-amazon.com/images/I/517EOBCcd5L._AC_US400_QL65_.jpg,2x,,https://images-fe.ssl-images-amazon.com/images/I/517EOBCcd5L._AC_US500_QL65_.jpg,2.5000x']","https://www.amazon.co.jp/s/ref=nb_sb_ss_i_1_8?__mk_ja_JP=%E3%82%AB%E3%82%BF%E3%82%AB%E3%83%8A&url=search-alias%3Daps&field-keywords=%E3%83%89%E3%83%A9%E3%82%B4%E3%83%B3%E3%83%9C%E3%83%BC%E3%83%AB+%E3%83%95%E3%82%A3%E3%82%AE%E3%83%A5%E3%82%A2&sprefix=%E3%83%89%E3%83%A9%E3%82%B4%E3%83%B3%E3%83%9C%E3%83%BC%E3%83%AB%E3%80%80%2Caps%2C257&crid=WEGOD18PSAMO"
"B07K1WN548","DRAGONBALL Z DOKKAN BATTLE 4TH ANNIVERSARY FIGURE -超サイヤ人4ベジータ-","￥ 2,198","https://www.amazon.co.jphttps://www.amazon.co.jp/DRAGONBALL-DOKKAN-BATTLE-ANNIVERSARY-%E8%B6%85%E3%82%B5%E3%82%A4%E3%83%A4%E4%BA%BA4%E3%83%99%E3%82%B8%E3%83%BC%E3%82%BF/dp/B07K1WN548/ref=ice_ac_b_dpb/355-2805812-2436840?ie=UTF8&qid=1552485546&sr=8-5&keywords=%E3%83%89%E3%83%A9%E3%82%B4%E3%83%B3%E3%83%9C%E3%83%BC%E3%83%AB+%E3%83%95%E3%82%A3%E3%82%AE%E3%83%A5%E3%82%A2","prime","['https://images-fe.ssl-images-amazon.com/images/I/41KuVHlsUFL._AC_US200_.jpg,1x,,https://images-fe.ssl-images-amazon.com/images/I/41KuVHlsUFL._AC_US300_QL65_.jpg,1.5x,,https://images-fe.ssl-images-amazon.com/images/I/41KuVHlsUFL._AC_US400_QL65_.jpg,2x,,https://images-fe.ssl-images-amazon.com/images/I/41KuVHlsUFL._AC_US500_QL65_.jpg,2.5000x']","https://www.amazon.co.jp/s/ref=nb_sb_ss_i_1_8?__mk_ja_JP=%E3%82%AB%E3%82%BF%E3%82%AB%E3%83%8A&url=search-alias%3Daps&field-keywords=%E3%83%89%E3%83%A9%E3%82%B4%E3%83%B3%E3%83%9C%E3%83%BC%E3%83%AB+%E3%83%95%E3%82%A3%E3%82%AE%E3%83%A5%E3%82%A2&sprefix=%E3%83%89%E3%83%A9%E3%82%B4%E3%83%B3%E3%83%9C%E3%83%BC%E3%83%AB%E3%80%80%2Caps%2C257&crid=WEGOD18PSAMO"
"B07H636KMF","映画ドラゴンボール超 超刻武勇伝 超サイヤ人ブロリーフルパワー","￥ 2,478","https://www.amazon.co.jphttps://www.amazon.co.jp/%E3%83%90%E3%83%B3%E3%83%97%E3%83%AC%E3%82%B9%E3%83%88-BP39034-%E6%98%A0%E7%94%BB%E3%83%89%E3%83%A9%E3%82%B4%E3%83%B3%E3%83%9C%E3%83%BC%E3%83%AB%E8%B6%85-%E8%B6%85%E5%88%BB%E6%AD%A6%E5%8B%87%E4%BC%9D-%E8%B6%85%E3%82%B5%E3%82%A4%E3%83%A4%E4%BA%BA%E3%83%96%E3%83%AD%E3%83%AA%E3%83%BC%E3%83%95%E3%83%AB%E3%83%91%E3%83%AF%E3%83%BC/dp/B07H636KMF/ref=sr_1_6/355-2805812-2436840?ie=UTF8&qid=1552485546&sr=8-6&keywords=%E3%83%89%E3%83%A9%E3%82%B4%E3%83%B3%E3%83%9C%E3%83%BC%E3%83%AB+%E3%83%95%E3%82%A3%E3%82%AE%E3%83%A5%E3%82%A2","prime","['https://images-fe.ssl-images-amazon.com/images/I/413aiZYq8xL._AC_US200_.jpg,1x,,https://images-fe.ssl-images-amazon.com/images/I/413aiZYq8xL._AC_US300_QL65_.jpg,1.5x,,https://images-fe.ssl-images-amazon.com/images/I/413aiZYq8xL._AC_US400_QL65_.jpg,2x,,https://images-fe.ssl-images-amazon.com/images/I/413aiZYq8xL._AC_US500_QL65_.jpg,2.5000x']","https://www.amazon.co.jp/s/ref=nb_sb_ss_i_1_8?__mk_ja_JP=%E3%82%AB%E3%82%BF%E3%82%AB%E3%83%8A&url=search-alias%3Daps&field-keywords=%E3%83%89%E3%83%A9%E3%82%B4%E3%83%B3%E3%83%9C%E3%83%BC%E3%83%AB+%E3%83%95%E3%82%A3%E3%82%AE%E3%83%A5%E3%82%A2&sprefix=%E3%83%89%E3%83%A9%E3%82%B4%E3%83%B3%E3%83%9C%E3%83%BC%E3%83%AB%E3%80%80%2Caps%2C257&crid=WEGOD18PSAMO"
"B07HJDLC8X","フィギュアライズスタンダード ドラゴンボール 超サイヤ人ブロリーフルパワー 色分け済みプラモデル","￥ 4,350","https://www.amazon.co.jphttps://www.amazon.co.jp/BANDAI-SPIRITS-%E3%83%90%E3%83%B3%E3%83%80%E3%82%A4-%E3%82%B9%E3%83%94%E3%83%AA%E3%83%83%E3%83%84-%E3%83%95%E3%82%A3%E3%82%AE%E3%83%A5%E3%82%A2%E3%83%A9%E3%82%A4%E3%82%BA%E3%82%B9%E3%82%BF%E3%83%B3%E3%83%80%E3%83%BC%E3%83%89/dp/B07HJDLC8X/ref=sr_1_7/355-2805812-2436840?ie=UTF8&qid=1552485546&sr=8-7&keywords=%E3%83%89%E3%83%A9%E3%82%B4%E3%83%B3%E3%83%9C%E3%83%BC%E3%83%AB+%E3%83%95%E3%82%A3%E3%82%AE%E3%83%A5%E3%82%A2","prime","['https://images-fe.ssl-images-amazon.com/images/I/41leO3HBTdL._AC_US200_.jpg,1x,,https://images-fe.ssl-images-amazon.com/images/I/41leO3HBTdL._AC_US300_QL65_.jpg,1.5x,,https://images-fe.ssl-images-amazon.com/images/I/41leO3HBTdL._AC_US400_QL65_.jpg,2x,,https://images-fe.ssl-images-amazon.com/images/I/41leO3HBTdL._AC_US500_QL65_.jpg,2.5000x']","https://www.amazon.co.jp/s/ref=nb_sb_ss_i_1_8?__mk_ja_JP=%E3%82%AB%E3%82%BF%E3%82%AB%E3%83%8A&url=search-alias%3Daps&field-keywords=%E3%83%89%E3%83%A9%E3%82%B4%E3%83%B3%E3%83%9C%E3%83%BC%E3%83%AB+%E3%83%95%E3%82%A3%E3%82%AE%E3%83%A5%E3%82%A2&sprefix=%E3%83%89%E3%83%A9%E3%82%B4%E3%83%B3%E3%83%9C%E3%83%BC%E3%83%AB%E3%80%80%2Caps%2C257&crid=WEGOD18PSAMO"
"B06XPG26Q5","ドラゴンボールZ Grandista - Resolution of Soldiers - SON GOKOU","￥ 4,778","https://www.amazon.co.jphttps://www.amazon.co.jp/%E3%83%89%E3%83%A9%E3%82%B4%E3%83%B3%E3%83%9C%E3%83%BC%E3%83%ABZ-Grandista-Resolution-Soldiers-GOKOU/dp/B06XPG26Q5/ref=sr_1_8/355-2805812-2436840?ie=UTF8&qid=1552485546&sr=8-8&keywords=%E3%83%89%E3%83%A9%E3%82%B4%E3%83%B3%E3%83%9C%E3%83%BC%E3%83%AB+%E3%83%95%E3%82%A3%E3%82%AE%E3%83%A5%E3%82%A2","prime","['https://images-fe.ssl-images-amazon.com/images/I/41i5dDkO+qL._AC_US200_.jpg,1x,,https://images-fe.ssl-images-amazon.com/images/I/41i5dDkO+qL._AC_US300_QL65_.jpg,1.5x,,https://images-fe.ssl-images-amazon.com/images/I/41i5dDkO+qL._AC_US400_QL65_.jpg,2x,,https://images-fe.ssl-images-amazon.com/images/I/41i5dDkO+qL._AC_US500_QL65_.jpg,2.5000x']","https://www.amazon.co.jp/s/ref=nb_sb_ss_i_1_8?__mk_ja_JP=%E3%82%AB%E3%82%BF%E3%82%AB%E3%83%8A&url=search-alias%3Daps&field-keywords=%E3%83%89%E3%83%A9%E3%82%B4%E3%83%B3%E3%83%9C%E3%83%BC%E3%83%AB+%E3%83%95%E3%82%A3%E3%82%AE%E3%83%A5%E3%82%A2&sprefix=%E3%83%89%E3%83%A9%E3%82%B4%E3%83%B3%E3%83%9C%E3%83%BC%E3%83%AB%E3%80%80%2Caps%2C257&crid=WEGOD18PSAMO"
"B06XPG26Q5","ドラゴンボールZ Grandista - Resolution of Soldiers - SON GOKOU","￥ 4,778","https://www.amazon.co.jphttps://www.amazon.co.jp/%E3%83%89%E3%83%A9%E3%82%B4%E3%83%B3%E3%83%9C%E3%83%BC%E3%83%ABZ-Grandista-Resolution-Soldiers-GOKOU/dp/B06XPG26Q5/ref=sr_1_8/355-2805812-2436840?ie=UTF8&qid=1552485546&sr=8-8&keywords=%E3%83%89%E3%83%A9%E3%82%B4%E3%83%B3%E3%83%9C%E3%83%BC%E3%83%AB+%E3%83%95%E3%82%A3%E3%82%AE%E3%83%A5%E3%82%A2","prime","['https://images-fe.ssl-images-amazon.com/images/I/41i5dDkO+qL._AC_US200_.jpg,1x,,https://images-fe.ssl-images-amazon.com/images/I/41i5dDkO+qL._AC_US300_QL65_.jpg,1.5x,,https://images-fe.ssl-images-amazon.com/images/I/41i5dDkO+qL._AC_US400_QL65_.jpg,2x,,https://images-fe.ssl-images-amazon.com/images/I/41i5dDkO+qL._AC_US500_QL65_.jpg,2.5000x']","https://www.amazon.co.jp/s/ref=nb_sb_ss_i_1_8?__mk_ja_JP=%E3%82%AB%E3%82%BF%E3%82%AB%E3%83%8A&url=search-alias%3Daps&field-keywords=%E3%83%89%E3%83%A9%E3%82%B4%E3%83%B3%E3%83%9C%E3%83%BC%E3%83%AB+%E3%83%95%E3%82%A3%E3%82%AE%E3%83%A5%E3%82%A2&sprefix=%E3%83%89%E3%83%A9%E3%82%B4%E3%83%B3%E3%83%9C%E3%83%BC%E3%83%AB%E3%80%80%2Caps%2C257&crid=WEGOD18PSAMO"
"B078NJF567","ドラゴンボール超 合体超戦士最強必殺技 ファイナルかめはめ波ーーーっ！！！！ ベジット (プライズ)","￥ 4,670","https://www.amazon.co.jphttps://www.amazon.co.jp/%E3%83%90%E3%83%B3%E3%83%97%E3%83%AC%E3%82%B9%E3%83%88-%E3%83%89%E3%83%A9%E3%82%B4%E3%83%B3%E3%83%9C%E3%83%BC%E3%83%AB%E8%B6%85-%E5%90%88%E4%BD%93%E8%B6%85%E6%88%A6%E5%A3%AB%E6%9C%80%E5%BC%B7%E5%BF%85%E6%AE%BA%E6%8A%80-%E3%83%95%E3%82%A1%E3%82%A4%E3%83%8A%E3%83%AB%E3%81%8B%E3%82%81%E3%81%AF%E3%82%81%E6%B3%A2-%E3%81%A3-%E3%83%99%E3%82%B8%E3%83%83%E3%83%88/dp/B078NJF567/ref=sr_1_9/355-2805812-2436840?ie=UTF8&qid=1552485546&sr=8-9&keywords=%E3%83%89%E3%83%A9%E3%82%B4%E3%83%B3%E3%83%9C%E3%83%BC%E3%83%AB+%E3%83%95%E3%82%A3%E3%82%AE%E3%83%A5%E3%82%A2","prime","['https://images-fe.ssl-images-amazon.com/images/I/41UNNUcHnpL._AC_US200_.jpg,1x,,https://images-fe.ssl-images-amazon.com/images/I/41UNNUcHnpL._AC_US300_QL65_.jpg,1.5x,,https://images-fe.ssl-images-amazon.com/images/I/41UNNUcHnpL._AC_US400_QL65_.jpg,2x,,https://images-fe.ssl-images-amazon.com/images/I/41UNNUcHnpL._AC_US500_QL65_.jpg,2.5000x']","https://www.amazon.co.jp/s/ref=nb_sb_ss_i_1_8?__mk_ja_JP=%E3%82%AB%E3%82%BF%E3%82%AB%E3%83%8A&url=search-alias%3Daps&field-keywords=%E3%83%89%E3%83%A9%E3%82%B4%E3%83%B3%E3%83%9C%E3%83%BC%E3%83%AB+%E3%83%95%E3%82%A3%E3%82%AE%E3%83%A5%E3%82%A2&sprefix=%E3%83%89%E3%83%A9%E3%82%B4%E3%83%B3%E3%83%9C%E3%83%BC%E3%83%AB%E3%80%80%2Caps%2C257&crid=WEGOD18PSAMO"
"B07M7C853V","ドラゴンボール超 TAG FIGHTERS SON GOKOU & FREEZA 孫悟空&フリーザ 全2種セット","￥ 2,250","https://www.amazon.co.jphttps://www.amazon.co.jp/%E3%83%89%E3%83%A9%E3%82%B4%E3%83%B3%E3%83%9C%E3%83%BC%E3%83%AB%E8%B6%85-FIGHTERS-GOKOU-FREEZA-%E5%85%A82%E7%A8%AE%E3%82%BB%E3%83%83%E3%83%88/dp/B07M7C853V/ref=sr_1_10/355-2805812-2436840?ie=UTF8&qid=1552485546&sr=8-10&keywords=%E3%83%89%E3%83%A9%E3%82%B4%E3%83%B3%E3%83%9C%E3%83%BC%E3%83%AB+%E3%83%95%E3%82%A3%E3%82%AE%E3%83%A5%E3%82%A2","prime","['https://images-fe.ssl-images-amazon.com/images/I/51fo3I7ml+L._AC_US200_.jpg,1x,,https://images-fe.ssl-images-amazon.com/images/I/51fo3I7ml+L._AC_US300_QL65_.jpg,1.5x,,https://images-fe.ssl-images-amazon.com/images/I/51fo3I7ml+L._AC_US400_QL65_.jpg,2x,,https://images-fe.ssl-images-amazon.com/images/I/51fo3I7ml+L._AC_US500_QL65_.jpg,2.5000x']","https://www.amazon.co.jp/s/ref=nb_sb_ss_i_1_8?__mk_ja_JP=%E3%82%AB%E3%82%BF%E3%82%AB%E3%83%8A&url=search-alias%3Daps&field-keywords=%E3%83%89%E3%83%A9%E3%82%B4%E3%83%B3%E3%83%9C%E3%83%BC%E3%83%AB+%E3%83%95%E3%82%A3%E3%82%AE%E3%83%A5%E3%82%A2&sprefix=%E3%83%89%E3%83%A9%E3%82%B4%E3%83%B3%E3%83%9C%E3%83%BC%E3%83%AB%E3%80%80%2Caps%2C257&crid=WEGOD18PSAMO"
"B07CXHGFHY","ドラゴンボールZ MATCH MAKERS FULL POWER FREEZA ＋ SUPER SAIYAN SON GOKOU ２種セット","￥ 4,780","https://www.amazon.co.jphttps://www.amazon.co.jp/%E3%83%89%E3%83%A9%E3%82%B4%E3%83%B3%E3%83%9C%E3%83%BC%E3%83%ABZ-MATCH-MAKERS-FREEZA-SAIYAN/dp/B07CXHGFHY/ref=sr_1_11/355-2805812-2436840?ie=UTF8&qid=1552485546&sr=8-11&keywords=%E3%83%89%E3%83%A9%E3%82%B4%E3%83%B3%E3%83%9C%E3%83%BC%E3%83%AB+%E3%83%95%E3%82%A3%E3%82%AE%E3%83%A5%E3%82%A2","prime","['https://images-fe.ssl-images-amazon.com/images/I/41cr2EDi5bL._AC_US200_.jpg,1x,,https://images-fe.ssl-images-amazon.com/images/I/41cr2EDi5bL._AC_US300_QL65_.jpg,1.5x,,https://images-fe.ssl-images-amazon.com/images/I/41cr2EDi5bL._AC_US400_QL65_.jpg,2x,,https://images-fe.ssl-images-amazon.com/images/I/41cr2EDi5bL._AC_US500_QL65_.jpg,2.5000x']","https://www.amazon.co.jp/s/ref=nb_sb_ss_i_1_8?__mk_ja_JP=%E3%82%AB%E3%82%BF%E3%82%AB%E3%83%8A&url=search-alias%3Daps&field-keywords=%E3%83%89%E3%83%A9%E3%82%B4%E3%83%B3%E3%83%9C%E3%83%BC%E3%83%AB+%E3%83%95%E3%82%A3%E3%82%AE%E3%83%A5%E3%82%A2&sprefix=%E3%83%89%E3%83%A9%E3%82%B4%E3%83%B3%E3%83%9C%E3%83%BC%E3%83%AB%E3%80%80%2Caps%2C257&crid=WEGOD18PSAMO"
"B07L89FT9N","ドラゴンボールGT 究極のフュージョン ビッグバンかめはめ波ーーーっ!!!! 全1種 スーパーサイヤ人4 超サイヤ人4 ゴジータ","￥ 1,500","https://www.amazon.co.jphttps://www.amazon.co.jp/%E3%83%89%E3%83%A9%E3%82%B4%E3%83%B3%E3%83%9C%E3%83%BC%E3%83%ABGT-%E7%A9%B6%E6%A5%B5%E3%81%AE%E3%83%95%E3%83%A5%E3%83%BC%E3%82%B8%E3%83%A7%E3%83%B3-%E3%83%93%E3%83%83%E3%82%B0%E3%83%90%E3%83%B3%E3%81%8B%E3%82%81%E3%81%AF%E3%82%81%E6%B3%A2%E3%83%BC%E3%83%BC%E3%83%BC%E3%81%A3-%E3%82%B9%E3%83%BC%E3%83%91%E3%83%BC%E3%82%B5%E3%82%A4%E3%83%A4%E4%BA%BA4-%E8%B6%85%E3%82%B5%E3%82%A4%E3%83%A4%E4%BA%BA4/dp/B07L89FT9N/ref=sr_1_12/355-2805812-2436840?ie=UTF8&qid=1552485546&sr=8-12&keywords=%E3%83%89%E3%83%A9%E3%82%B4%E3%83%B3%E3%83%9C%E3%83%BC%E3%83%AB+%E3%83%95%E3%82%A3%E3%82%AE%E3%83%A5%E3%82%A2","prime","['https://images-fe.ssl-images-amazon.com/images/I/51jTZ78cPdL._AC_US200_.jpg,1x,,https://images-fe.ssl-images-amazon.com/images/I/51jTZ78cPdL._AC_US300_QL65_.jpg,1.5x,,https://images-fe.ssl-images-amazon.com/images/I/51jTZ78cPdL._AC_US400_QL65_.jpg,2x,,https://images-fe.ssl-images-amazon.com/images/I/51jTZ78cPdL._AC_US500_QL65_.jpg,2.5000x']","https://www.amazon.co.jp/s/ref=nb_sb_ss_i_1_8?__mk_ja_JP=%E3%82%AB%E3%82%BF%E3%82%AB%E3%83%8A&url=search-alias%3Daps&field-keywords=%E3%83%89%E3%83%A9%E3%82%B4%E3%83%B3%E3%83%9C%E3%83%BC%E3%83%AB+%E3%83%95%E3%82%A3%E3%82%AE%E3%83%A5%E3%82%A2&sprefix=%E3%83%89%E3%83%A9%E3%82%B4%E3%83%B3%E3%83%9C%E3%83%BC%E3%83%AB%E3%80%80%2Caps%2C257&crid=WEGOD18PSAMO"
"B076VNTDGB","ドラゴンボールZ　BANPRESTO WORLD FIGURE COLOSSEUM 造形天下一武道会 其之二 【トランクス 通常カラーver.】 バンプレスト プライズ","￥ 4,250","https://www.amazon.co.jphttps://www.amazon.co.jp/%E3%83%89%E3%83%A9%E3%82%B4%E3%83%B3%E3%83%9C%E3%83%BC%E3%83%ABZ-BANPRESTO-COLOSSEUM-%E9%80%A0%E5%BD%A2%E5%A4%A9%E4%B8%8B%E4%B8%80%E6%AD%A6%E9%81%93%E4%BC%9A-%E9%80%9A%E5%B8%B8%E3%82%AB%E3%83%A9%E3%83%BCver-%E3%80%91-%E3%83%90%E3%83%B3%E3%83%97%E3%83%AC%E3%82%B9%E3%83%88/dp/B076VNTDGB/ref=sr_1_13/355-2805812-2436840?ie=UTF8&qid=1552485546&sr=8-13&keywords=%E3%83%89%E3%83%A9%E3%82%B4%E3%83%B3%E3%83%9C%E3%83%BC%E3%83%AB+%E3%83%95%E3%82%A3%E3%82%AE%E3%83%A5%E3%82%A2","prime","['https://images-fe.ssl-images-amazon.com/images/I/41mxEZN0ngL._AC_US200_.jpg,1x,,https://images-fe.ssl-images-amazon.com/images/I/41mxEZN0ngL._AC_US300_QL65_.jpg,1.5x,,https://images-fe.ssl-images-amazon.com/images/I/41mxEZN0ngL._AC_US400_QL65_.jpg,2x,,https://images-fe.ssl-images-amazon.com/images/I/41mxEZN0ngL._AC_US500_QL65_.jpg,2.5000x']","https://www.amazon.co.jp/s/ref=nb_sb_ss_i_1_8?__mk_ja_JP=%E3%82%AB%E3%82%BF%E3%82%AB%E3%83%8A&url=search-alias%3Daps&field-keywords=%E3%83%89%E3%83%A9%E3%82%B4%E3%83%B3%E3%83%9C%E3%83%BC%E3%83%AB+%E3%83%95%E3%82%A3%E3%82%AE%E3%83%A5%E3%82%A2&sprefix=%E3%83%89%E3%83%A9%E3%82%B4%E3%83%B3%E3%83%9C%E3%83%BC%E3%83%AB%E3%80%80%2Caps%2C257&crid=WEGOD18PSAMO"
"B07B7Y5T55","ドラゴンボール超 BANPRESTO WORLD FIGURE COLOSSEUM 造形天下一武道会 SPECIAL 孫悟空 身勝手の極意","￥ 2,040","https://www.amazon.co.jphttps://www.amazon.co.jp/%E3%83%89%E3%83%A9%E3%82%B4%E3%83%B3%E3%83%9C%E3%83%BC%E3%83%AB%E8%B6%85-BANPRESTO-COLOSSEUM-%E9%80%A0%E5%BD%A2%E5%A4%A9%E4%B8%8B%E4%B8%80%E6%AD%A6%E9%81%93%E4%BC%9A-SPECIAL/dp/B07B7Y5T55/ref=sr_1_14/355-2805812-2436840?ie=UTF8&qid=1552485546&sr=8-14&keywords=%E3%83%89%E3%83%A9%E3%82%B4%E3%83%B3%E3%83%9C%E3%83%BC%E3%83%AB+%E3%83%95%E3%82%A3%E3%82%AE%E3%83%A5%E3%82%A2","prime","['https://images-fe.ssl-images-amazon.com/images/I/411ZAfQ2tgL._AC_US200_.jpg,1x,,https://images-fe.ssl-images-amazon.com/images/I/411ZAfQ2tgL._AC_US300_QL65_.jpg,1.5x,,https://images-fe.ssl-images-amazon.com/images/I/411ZAfQ2tgL._AC_US400_QL65_.jpg,2x,,https://images-fe.ssl-images-amazon.com/images/I/411ZAfQ2tgL._AC_US500_QL65_.jpg,2.5000x']","https://www.amazon.co.jp/s/ref=nb_sb_ss_i_1_8?__mk_ja_JP=%E3%82%AB%E3%82%BF%E3%82%AB%E3%83%8A&url=search-alias%3Daps&field-keywords=%E3%83%89%E3%83%A9%E3%82%B4%E3%83%B3%E3%83%9C%E3%83%BC%E3%83%AB+%E3%83%95%E3%82%A3%E3%82%AE%E3%83%A5%E3%82%A2&sprefix=%E3%83%89%E3%83%A9%E3%82%B4%E3%83%B3%E3%83%9C%E3%83%BC%E3%83%AB%E3%80%80%2Caps%2C257&crid=WEGOD18PSAMO"
"B07NDKBTNM","ドラゴンボールギャルズ ドラゴンボール 人造人間21号 変身Ver. 約210mm PVC製 塗装済み完成品フィギュア","￥ 11,197","https://www.amazon.co.jphttps://www.amazon.co.jp/%E3%83%89%E3%83%A9%E3%82%B4%E3%83%B3%E3%83%9C%E3%83%BC%E3%83%AB%E3%82%AE%E3%83%A3%E3%83%AB%E3%82%BA-%E3%83%89%E3%83%A9%E3%82%B4%E3%83%B3%E3%83%9C%E3%83%BC%E3%83%AB-%E4%BA%BA%E9%80%A0%E4%BA%BA%E9%96%9321%E5%8F%B7-%E5%A4%89%E8%BA%ABVer-%E5%A1%97%E8%A3%85%E6%B8%88%E3%81%BF%E5%AE%8C%E6%88%90%E5%93%81%E3%83%95%E3%82%A3%E3%82%AE%E3%83%A5%E3%82%A2/dp/B07NDKBTNM/ref=sr_1_15/355-2805812-2436840?ie=UTF8&qid=1552485546&sr=8-15&keywords=%E3%83%89%E3%83%A9%E3%82%B4%E3%83%B3%E3%83%9C%E3%83%BC%E3%83%AB+%E3%83%95%E3%82%A3%E3%82%AE%E3%83%A5%E3%82%A2","prime","['https://images-fe.ssl-images-amazon.com/images/I/41nmI-kMGGL._AC_US200_.jpg,1x,,https://images-fe.ssl-images-amazon.com/images/I/41nmI-kMGGL._AC_US300_QL65_.jpg,1.5x,,https://images-fe.ssl-images-amazon.com/images/I/41nmI-kMGGL._AC_US400_QL65_.jpg,2x,,https://images-fe.ssl-images-amazon.com/images/I/41nmI-kMGGL._AC_US500_QL65_.jpg,2.5000x']","https://www.amazon.co.jp/s/ref=nb_sb_ss_i_1_8?__mk_ja_JP=%E3%82%AB%E3%82%BF%E3%82%AB%E3%83%8A&url=search-alias%3Daps&field-keywords=%E3%83%89%E3%83%A9%E3%82%B4%E3%83%B3%E3%83%9C%E3%83%BC%E3%83%AB+%E3%83%95%E3%82%A3%E3%82%AE%E3%83%A5%E3%82%A2&sprefix=%E3%83%89%E3%83%A9%E3%82%B4%E3%83%B3%E3%83%9C%E3%83%BC%E3%83%AB%E3%80%80%2Caps%2C257&crid=WEGOD18PSAMO"
"B078N8ZZH2","ジャンプ50周年 アニバーサリーフィギュア 孫悟空","￥ 3,000","https://www.amazon.co.jphttps://www.amazon.co.jp/%E3%83%90%E3%83%B3%E3%83%97%E3%83%AC%E3%82%B9%E3%83%88-%E3%82%B8%E3%83%A3%E3%83%B3%E3%83%9750%E5%91%A8%E5%B9%B4-%E3%82%A2%E3%83%8B%E3%83%90%E3%83%BC%E3%82%B5%E3%83%AA%E3%83%BC%E3%83%95%E3%82%A3%E3%82%AE%E3%83%A5%E3%82%A2-%E5%AD%AB%E6%82%9F%E7%A9%BA/dp/B078N8ZZH2/ref=sr_1_16/355-2805812-2436840?ie=UTF8&qid=1552485546&sr=8-16&keywords=%E3%83%89%E3%83%A9%E3%82%B4%E3%83%B3%E3%83%9C%E3%83%BC%E3%83%AB+%E3%83%95%E3%82%A3%E3%82%AE%E3%83%A5%E3%82%A2","prime","['https://images-fe.ssl-images-amazon.com/images/I/41+v5ordNDL._AC_US200_.jpg,1x,,https://images-fe.ssl-images-amazon.com/images/I/41+v5ordNDL._AC_US300_QL65_.jpg,1.5x,,https://images-fe.ssl-images-amazon.com/images/I/41+v5ordNDL._AC_US400_QL65_.jpg,2x,,https://images-fe.ssl-images-amazon.com/images/I/41+v5ordNDL._AC_US500_QL65_.jpg,2.5000x']","https://www.amazon.co.jp/s/ref=nb_sb_ss_i_1_8?__mk_ja_JP=%E3%82%AB%E3%82%BF%E3%82%AB%E3%83%8A&url=search-alias%3Daps&field-keywords=%E3%83%89%E3%83%A9%E3%82%B4%E3%83%B3%E3%83%9C%E3%83%BC%E3%83%AB+%E3%83%95%E3%82%A3%E3%82%AE%E3%83%A5%E3%82%A2&sprefix=%E3%83%89%E3%83%A9%E3%82%B4%E3%83%B3%E3%83%9C%E3%83%BC%E3%83%AB%E3%80%80%2Caps%2C257&crid=WEGOD18PSAMO"
"B01MYGBYWJ","ドラゴンボール超　ワールドコレクタブルフィギュア～ANIME 30th ANNIVERSARY～vol.6 ～破壊神シャンパ～","￥ 1,230","https://www.amazon.co.jp/gp/slredirect/picassoRedirect.html/ref=pa_sp_mtf_aps_sr_pg1_1?ie=UTF8&adId=AD6QQAP00O5WH&url=https%3A%2F%2Fwww.amazon.co.jp%2F%25E3%2582%25BB%25E3%2582%25AC-DB6C-%25E3%2583%2589%25E3%2583%25A9%25E3%2582%25B4%25E3%2583%25B3%25E3%2583%259C%25E3%2583%25BC%25E3%2583%25AB%25E8%25B6%2585-%25E3%2583%25AF%25E3%2583%25BC%25E3%2583%25AB%25E3%2583%2589%25E3%2582%25B3%25E3%2583%25AC%25E3%2582%25AF%25E3%2582%25BF%25E3%2583%2596%25E3%2583%25AB%25E3%2583%2595%25E3%2582%25A3%25E3%2582%25AE%25E3%2583%25A5%25E3%2582%25A2%25EF%25BD%259EANIME-ANNIVERSARY%25EF%25BD%259Evol-6-%25EF%25BD%259E%25E7%25A0%25B4%25E5%25A3%258A%25E7%25A5%259E%25E3%2582%25B7%25E3%2583%25A3%25E3%2583%25B3%25E3%2583%2591%25EF%25BD%259E%2Fdp%2FB01MYGBYWJ%2Fref%3Dsr_1_17_sspa%2F355-2805812-2436840%3Fie%3DUTF8%26qid%3D1552485546%26sr%3D8-17-spons%26keywords%3D%25E3%2583%2589%25E3%2583%25A9%25E3%2582%25B4%25E3%2583%25B3%25E3%2583%259C%25E3%2583%25BC%25E3%2583%25AB%2B%25E3%2583%2595%25E3%2582%25A3%25E3%2582%25AE%25E3%2583%25A5%25E3%2582%25A2%26psc%3D1&qualifier=1552485546&id=1818733975317910&widgetName=sp_mtf","no prime","","https://www.amazon.co.jp/s/ref=nb_sb_ss_i_1_8?__mk_ja_JP=%E3%82%AB%E3%82%BF%E3%82%AB%E3%83%8A&url=search-alias%3Daps&field-keywords=%E3%83%89%E3%83%A9%E3%82%B4%E3%83%B3%E3%83%9C%E3%83%BC%E3%83%AB+%E3%83%95%E3%82%A3%E3%82%AE%E3%83%A5%E3%82%A2&sprefix=%E3%83%89%E3%83%A9%E3%82%B4%E3%83%B3%E3%83%9C%E3%83%BC%E3%83%AB%E3%80%80%2Caps%2C257&crid=WEGOD18PSAMO"
"B07NDVDG2G","映画ドラゴンボール超 ワールドコレクタブルフィギュアvol.3　バーダック","￥ 1,490","https://www.amazon.co.jp/gp/slredirect/picassoRedirect.html/ref=pa_sp_mtf_aps_sr_pg1_2?ie=UTF8&adId=A1RQ1MQJNYC4L&url=https%3A%2F%2Fwww.amazon.co.jp%2F%25E3%2583%2590%25E3%2583%25B3%25E3%2583%2597%25E3%2583%25AC%25E3%2582%25B9%25E3%2583%2588-%25E6%2598%25A0%25E7%2594%25BB%25E3%2583%2589%25E3%2583%25A9%25E3%2582%25B4%25E3%2583%25B3%25E3%2583%259C%25E3%2583%25BC%25E3%2583%25AB%25E8%25B6%2585-%25E3%2583%25AF%25E3%2583%25BC%25E3%2583%25AB%25E3%2583%2589%25E3%2582%25B3%25E3%2583%25AC%25E3%2582%25AF%25E3%2582%25BF%25E3%2583%2596%25E3%2583%25AB%25E3%2583%2595%25E3%2582%25A3%25E3%2582%25AE%25E3%2583%25A5%25E3%2582%25A2vol-3-%25E3%2583%2590%25E3%2583%25BC%25E3%2583%2580%25E3%2583%2583%25E3%2582%25AF%2Fdp%2FB07NDVDG2G%2Fref%3Dsr_1_18_sspa%2F355-2805812-2436840%3Fie%3DUTF8%26qid%3D1552485546%26sr%3D8-18-spons%26keywords%3D%25E3%2583%2589%25E3%2583%25A9%25E3%2582%25B4%25E3%2583%25B3%25E3%2583%259C%25E3%2583%25BC%25E3%2583%25AB%2B%25E3%2583%2595%25E3%2582%25A3%25E3%2582%25AE%25E3%2583%25A5%25E3%2582%25A2%26psc%3D1&qualifier=1552485546&id=1818733975317910&widgetName=sp_mtf","prime","['https://images-fe.ssl-images-amazon.com/images/I/31JbarUW+9L._AC_US200_.jpg,1x,,https://images-fe.ssl-images-amazon.com/images/I/31JbarUW+9L._AC_US300_QL65_.jpg,1.5x,,https://images-fe.ssl-images-amazon.com/images/I/31JbarUW+9L._AC_US400_QL65_.jpg,2.0000x']","https://www.amazon.co.jp/s/ref=nb_sb_ss_i_1_8?__mk_ja_JP=%E3%82%AB%E3%82%BF%E3%82%AB%E3%83%8A&url=search-alias%3Daps&field-keywords=%E3%83%89%E3%83%A9%E3%82%B4%E3%83%B3%E3%83%9C%E3%83%BC%E3%83%AB+%E3%83%95%E3%82%A3%E3%82%AE%E3%83%A5%E3%82%A2&sprefix=%E3%83%89%E3%83%A9%E3%82%B4%E3%83%B3%E3%83%9C%E3%83%BC%E3%83%AB%E3%80%80%2Caps%2C257&crid=WEGOD18PSAMO"
"B01K9ZSCMI","ドラゴンボール超×銀魂 「超」応援していますDXFフィギュア アニメ グッズ プライズ バンプレスト（ポスターおまけ付き）","￥ 4,980","https://www.amazon.co.jp/gp/slredirect/picassoRedirect.html/ref=pa_sp_mtf_aps_sr_pg1_3?ie=UTF8&adId=A36E8Q2GULMM5B&url=https%3A%2F%2Fwww.amazon.co.jp%2F%25E3%2583%2589%25E3%2583%25A9%25E3%2582%25B4%25E3%2583%25B3%25E3%2583%259C%25E3%2583%25BC%25E3%2583%25AB%25E8%25B6%2585%25C3%2597%25E9%258A%2580%25E9%25AD%2582-%25E3%2580%258C%25E8%25B6%2585%25E3%2580%258D%25E5%25BF%259C%25E6%258F%25B4%25E3%2581%2597%25E3%2581%25A6%25E3%2581%2584%25E3%2581%25BE%25E3%2581%2599DXF%25E3%2583%2595%25E3%2582%25A3%25E3%2582%25AE%25E3%2583%25A5%25E3%2582%25A2-%25E3%2582%25A2%25E3%2583%258B%25E3%2583%25A1-%25E3%2583%2597%25E3%2583%25A9%25E3%2582%25A4%25E3%2582%25BA-%25E3%2583%2590%25E3%2583%25B3%25E3%2583%2597%25E3%2583%25AC%25E3%2582%25B9%25E3%2583%2588%25EF%25BC%2588%25E3%2583%259D%25E3%2582%25B9%25E3%2582%25BF%25E3%2583%25BC%25E3%2581%258A%25E3%2581%25BE%25E3%2581%2591%25E4%25BB%2598%25E3%2581%258D%25EF%25BC%2589%2Fdp%2FB01K9ZSCMI%2Fref%3Dsr_1_19_sspa%2F355-2805812-2436840%3Fie%3DUTF8%26qid%3D1552485546%26sr%3D8-19-spons%26keywords%3D%25E3%2583%2589%25E3%2583%25A9%25E3%2582%25B4%25E3%2583%25B3%25E3%2583%259C%25E3%2583%25BC%25E3%2583%25AB%2B%25E3%2583%2595%25E3%2582%25A3%25E3%2582%25AE%25E3%2583%25A5%25E3%2582%25A2%26psc%3D1&qualifier=1552485546&id=1818733975317910&widgetName=sp_mtf","no prime","['https://images-fe.ssl-images-amazon.com/images/I/61xImyYLerL._AC_US200_.jpg,1x,,https://images-fe.ssl-images-amazon.com/images/I/61xImyYLerL._AC_US300_QL65_.jpg,1.5x,,https://images-fe.ssl-images-amazon.com/images/I/61xImyYLerL._AC_US400_QL65_.jpg,2x,,https://images-fe.ssl-images-amazon.com/images/I/61xImyYLerL._AC_US500_QL65_.jpg,2.5000x']","https://www.amazon.co.jp/s/ref=nb_sb_ss_i_1_8?__mk_ja_JP=%E3%82%AB%E3%82%BF%E3%82%AB%E3%83%8A&url=search-alias%3Daps&field-keywords=%E3%83%89%E3%83%A9%E3%82%B4%E3%83%B3%E3%83%9C%E3%83%BC%E3%83%AB+%E3%83%95%E3%82%A3%E3%82%AE%E3%83%A5%E3%82%A2&sprefix=%E3%83%89%E3%83%A9%E3%82%B4%E3%83%B3%E3%83%9C%E3%83%BC%E3%83%AB%E3%80%80%2Caps%2C257&crid=WEGOD18PSAMO"
"B072JDVGHJ","複製ベジータ （ドラゴンボール超 ワールドコレクタブルフィギュアvol.5 アニメ グッズ プライズ バンプレスト）","￥ 790","https://www.amazon.co.jp/gp/slredirect/picassoRedirect.html/ref=pa_sp_mtf_aps_sr_pg1_4?ie=UTF8&adId=A2SY629FMG53OS&url=https%3A%2F%2Fwww.amazon.co.jp%2F%25E8%25A4%2587%25E8%25A3%25BD%25E3%2583%2599%25E3%2582%25B8%25E3%2583%25BC%25E3%2582%25BF-%25EF%25BC%2588%25E3%2583%2589%25E3%2583%25A9%25E3%2582%25B4%25E3%2583%25B3%25E3%2583%259C%25E3%2583%25BC%25E3%2583%25AB%25E8%25B6%2585-%25E3%2583%25AF%25E3%2583%25BC%25E3%2583%25AB%25E3%2583%2589%25E3%2582%25B3%25E3%2583%25AC%25E3%2582%25AF%25E3%2582%25BF%25E3%2583%2596%25E3%2583%25AB%25E3%2583%2595%25E3%2582%25A3%25E3%2582%25AE%25E3%2583%25A5%25E3%2582%25A2vol-5-%25E3%2583%2597%25E3%2583%25A9%25E3%2582%25A4%25E3%2582%25BA-%25E3%2583%2590%25E3%2583%25B3%25E3%2583%2597%25E3%2583%25AC%25E3%2582%25B9%25E3%2583%2588%25EF%25BC%2589%2Fdp%2FB072JDVGHJ%2Fref%3Dsr_1_20_sspa%2F355-2805812-2436840%3Fie%3DUTF8%26qid%3D1552485546%26sr%3D8-20-spons%26keywords%3D%25E3%2583%2589%25E3%2583%25A9%25E3%2582%25B4%25E3%2583%25B3%25E3%2583%259C%25E3%2583%25BC%25E3%2583%25AB%2B%25E3%2583%2595%25E3%2582%25A3%25E3%2582%25AE%25E3%2583%25A5%25E3%2582%25A2%26psc%3D1&qualifier=1552485546&id=1818733975317910&widgetName=sp_mtf","no prime","['https://images-fe.ssl-images-amazon.com/images/I/51CBXZidERL._AC_US200_.jpg,1x,,https://images-fe.ssl-images-amazon.com/images/I/51CBXZidERL._AC_US300_QL65_.jpg,1.5x,,https://images-fe.ssl-images-amazon.com/images/I/51CBXZidERL._AC_US400_QL65_.jpg,2x,,https://images-fe.ssl-images-amazon.com/images/I/51CBXZidERL._AC_US500_QL65_.jpg,2.5000x']","https://www.amazon.co.jp/s/ref=nb_sb_ss_i_1_8?__mk_ja_JP=%E3%82%AB%E3%82%BF%E3%82%AB%E3%83%8A&url=search-alias%3Daps&field-keywords=%E3%83%89%E3%83%A9%E3%82%B4%E3%83%B3%E3%83%9C%E3%83%BC%E3%83%AB+%E3%83%95%E3%82%A3%E3%82%AE%E3%83%A5%E3%82%A2&sprefix=%E3%83%89%E3%83%A9%E3%82%B4%E3%83%B3%E3%83%9C%E3%83%BC%E3%83%AB%E3%80%80%2Caps%2C257&crid=WEGOD18PSAMO"
"B0771SRRQW","フィギュアライズスタンダード ドラゴンボール 伝説の超サイヤ人 ブロリー 色分け済みプラモデル","","https://www.amazon.co.jphttps://www.amazon.co.jp/%E3%83%95%E3%82%A3%E3%82%AE%E3%83%A5%E3%82%A2%E3%83%A9%E3%82%A4%E3%82%BA%E3%82%B9%E3%82%BF%E3%83%B3%E3%83%80%E3%83%BC%E3%83%89-%E3%83%89%E3%83%A9%E3%82%B4%E3%83%B3%E3%83%9C%E3%83%BC%E3%83%AB-%E4%BC%9D%E8%AA%AC%E3%81%AE%E8%B6%85%E3%82%B5%E3%82%A4%E3%83%A4%E4%BA%BA-%E3%83%96%E3%83%AD%E3%83%AA%E3%83%BC-%E8%89%B2%E5%88%86%E3%81%91%E6%B8%88%E3%81%BF%E3%83%97%E3%83%A9%E3%83%A2%E3%83%87%E3%83%AB/dp/B0771SRRQW/ref=sr_1_21/355-2805812-2436840?ie=UTF8&qid=1552485546&sr=8-21&keywords=%E3%83%89%E3%83%A9%E3%82%B4%E3%83%B3%E3%83%9C%E3%83%BC%E3%83%AB+%E3%83%95%E3%82%A3%E3%82%AE%E3%83%A5%E3%82%A2","no prime","['https://images-fe.ssl-images-amazon.com/images/I/414N2yNYwzL._AC_US200_.jpg,1x,,https://images-fe.ssl-images-amazon.com/images/I/414N2yNYwzL._AC_US300_QL65_.jpg,1.5x,,https://images-fe.ssl-images-amazon.com/images/I/414N2yNYwzL._AC_US400_QL65_.jpg,2x,,https://images-fe.ssl-images-amazon.com/images/I/414N2yNYwzL._AC_US500_QL65_.jpg,2.5000x']","https://www.amazon.co.jp/s/ref=nb_sb_ss_i_1_8?__mk_ja_JP=%E3%82%AB%E3%82%BF%E3%82%AB%E3%83%8A&url=search-alias%3Daps&field-keywords=%E3%83%89%E3%83%A9%E3%82%B4%E3%83%B3%E3%83%9C%E3%83%BC%E3%83%AB+%E3%83%95%E3%82%A3%E3%82%AE%E3%83%A5%E3%82%A2&sprefix=%E3%83%89%E3%83%A9%E3%82%B4%E3%83%B3%E3%83%9C%E3%83%BC%E3%83%AB%E3%80%80%2Caps%2C257&crid=WEGOD18PSAMO"
"B07BP85888","ドラゴンボールZ Grandista Resolution of Soldiers BARDUCK (バーダック )","￥ 3,480","https://www.amazon.co.jphttps://www.amazon.co.jp/%E3%83%89%E3%83%A9%E3%82%B4%E3%83%B3%E3%83%9C%E3%83%BC%E3%83%ABZ-Grandista-Resolution-Soldiers-BARDUCK/dp/B07BP85888/ref=sr_1_22/355-2805812-2436840?ie=UTF8&qid=1552485546&sr=8-22&keywords=%E3%83%89%E3%83%A9%E3%82%B4%E3%83%B3%E3%83%9C%E3%83%BC%E3%83%AB+%E3%83%95%E3%82%A3%E3%82%AE%E3%83%A5%E3%82%A2","prime","['https://images-fe.ssl-images-amazon.com/images/I/41y46olwBFL._AC_US200_.jpg,1x,,https://images-fe.ssl-images-amazon.com/images/I/41y46olwBFL._AC_US300_QL65_.jpg,1.5x,,https://images-fe.ssl-images-amazon.com/images/I/41y46olwBFL._AC_US400_QL65_.jpg,2x,,https://images-fe.ssl-images-amazon.com/images/I/41y46olwBFL._AC_US500_QL65_.jpg,2.5000x']","https://www.amazon.co.jp/s/ref=nb_sb_ss_i_1_8?__mk_ja_JP=%E3%82%AB%E3%82%BF%E3%82%AB%E3%83%8A&url=search-alias%3Daps&field-keywords=%E3%83%89%E3%83%A9%E3%82%B4%E3%83%B3%E3%83%9C%E3%83%BC%E3%83%AB+%E3%83%95%E3%82%A3%E3%82%AE%E3%83%A5%E3%82%A2&sprefix=%E3%83%89%E3%83%A9%E3%82%B4%E3%83%B3%E3%83%9C%E3%83%BC%E3%83%AB%E3%80%80%2Caps%2C257&crid=WEGOD18PSAMO"
"B010N3JLPS","S.H.フィギュアーツ スーパーサイヤ人孫悟空 超戦士覚醒Ver. 約160mm ABS&PVC製 塗装済み可動フィギュア","￥ 5,144","https://www.amazon.co.jphttps://www.amazon.co.jp/S-H-%E3%83%95%E3%82%A3%E3%82%AE%E3%83%A5%E3%82%A2%E3%83%BC%E3%83%84-%E3%82%B9%E3%83%BC%E3%83%91%E3%83%BC%E3%82%B5%E3%82%A4%E3%83%A4%E4%BA%BA%E5%AD%AB%E6%82%9F%E7%A9%BA-%E8%B6%85%E6%88%A6%E5%A3%AB%E8%A6%9A%E9%86%92Ver-%E7%B4%84160mm-%E5%A1%97%E8%A3%85%E6%B8%88%E3%81%BF%E5%8F%AF%E5%8B%95%E3%83%95%E3%82%A3%E3%82%AE%E3%83%A5%E3%82%A2/dp/B010N3JLPS/ref=sr_1_23/355-2805812-2436840?ie=UTF8&qid=1552485546&sr=8-23&keywords=%E3%83%89%E3%83%A9%E3%82%B4%E3%83%B3%E3%83%9C%E3%83%BC%E3%83%AB+%E3%83%95%E3%82%A3%E3%82%AE%E3%83%A5%E3%82%A2","prime","['https://images-fe.ssl-images-amazon.com/images/I/41E11Fvf97L._AC_US200_.jpg,1x,,https://images-fe.ssl-images-amazon.com/images/I/41E11Fvf97L._AC_US300_QL65_.jpg,1.5x,,https://images-fe.ssl-images-amazon.com/images/I/41E11Fvf97L._AC_US400_QL65_.jpg,2x,,https://images-fe.ssl-images-amazon.com/images/I/41E11Fvf97L._AC_US500_QL65_.jpg,2.5000x']","https://www.amazon.co.jp/s/ref=nb_sb_ss_i_1_8?__mk_ja_JP=%E3%82%AB%E3%82%BF%E3%82%AB%E3%83%8A&url=search-alias%3Daps&field-keywords=%E3%83%89%E3%83%A9%E3%82%B4%E3%83%B3%E3%83%9C%E3%83%BC%E3%83%AB+%E3%83%95%E3%82%A3%E3%82%AE%E3%83%A5%E3%82%A2&sprefix=%E3%83%89%E3%83%A9%E3%82%B4%E3%83%B3%E3%83%9C%E3%83%BC%E3%83%AB%E3%80%80%2Caps%2C257&crid=WEGOD18PSAMO"
"B076VLY621","ドラゴンボールZ　BANPRESTO WORLD FIGURE COLOSSEUM 造形天下一武道会 其之一 【超サイヤ人孫悟空 通常カラーver.】 バンプレスト プライズ","￥ 2,400","https://www.amazon.co.jphttps://www.amazon.co.jp/%E3%83%89%E3%83%A9%E3%82%B4%E3%83%B3%E3%83%9C%E3%83%BC%E3%83%ABZ-BANPRESTO-COLOSSEUM-%E3%80%90%E8%B6%85%E3%82%B5%E3%82%A4%E3%83%A4%E4%BA%BA%E5%AD%AB%E6%82%9F%E7%A9%BA-%E9%80%9A%E5%B8%B8%E3%82%AB%E3%83%A9%E3%83%BCver-%E3%80%91-%E3%83%90%E3%83%B3%E3%83%97%E3%83%AC%E3%82%B9%E3%83%88/dp/B076VLY621/ref=sr_1_24/355-2805812-2436840?ie=UTF8&qid=1552485546&sr=8-24&keywords=%E3%83%89%E3%83%A9%E3%82%B4%E3%83%B3%E3%83%9C%E3%83%BC%E3%83%AB+%E3%83%95%E3%82%A3%E3%82%AE%E3%83%A5%E3%82%A2","prime","['https://images-fe.ssl-images-amazon.com/images/I/418tWHtsw7L._AC_US200_.jpg,1x,,https://images-fe.ssl-images-amazon.com/images/I/418tWHtsw7L._AC_US300_QL65_.jpg,1.5x,,https://images-fe.ssl-images-amazon.com/images/I/418tWHtsw7L._AC_US400_QL65_.jpg,2x,,https://images-fe.ssl-images-amazon.com/images/I/418tWHtsw7L._AC_US500_QL65_.jpg,2.5000x']","https://www.amazon.co.jp/s/ref=nb_sb_ss_i_1_8?__mk_ja_JP=%E3%82%AB%E3%82%BF%E3%82%AB%E3%83%8A&url=search-alias%3Daps&field-keywords=%E3%83%89%E3%83%A9%E3%82%B4%E3%83%B3%E3%83%9C%E3%83%BC%E3%83%AB+%E3%83%95%E3%82%A3%E3%82%AE%E3%83%A5%E3%82%A2&sprefix=%E3%83%89%E3%83%A9%E3%82%B4%E3%83%B3%E3%83%9C%E3%83%BC%E3%83%AB%E3%80%80%2Caps%2C257&crid=WEGOD18PSAMO"
"B07HJD3BYV","フィギュアライズスタンダード ドラゴンボール 超サイヤ人ゴッド超サイヤ人ゴジータ 色分け済みプラモデル","￥ 4,800","https://www.amazon.co.jphttps://www.amazon.co.jp/BANDAI-SPIRITS-%E3%83%90%E3%83%B3%E3%83%80%E3%82%A4-%E3%82%B9%E3%83%94%E3%83%AA%E3%83%83%E3%83%84-%E8%B6%85%E3%82%B5%E3%82%A4%E3%83%A4%E4%BA%BA%E3%82%B4%E3%83%83%E3%83%89%E8%B6%85%E3%82%B5%E3%82%A4%E3%83%A4%E4%BA%BA%E3%82%B4%E3%82%B8%E3%83%BC%E3%82%BF/dp/B07HJD3BYV/ref=sr_1_25/355-2805812-2436840?ie=UTF8&qid=1552485546&sr=8-25&keywords=%E3%83%89%E3%83%A9%E3%82%B4%E3%83%B3%E3%83%9C%E3%83%BC%E3%83%AB+%E3%83%95%E3%82%A3%E3%82%AE%E3%83%A5%E3%82%A2","prime","['https://images-fe.ssl-images-amazon.com/images/I/41xv+GVYlwL._AC_US200_.jpg,1x,,https://images-fe.ssl-images-amazon.com/images/I/41xv+GVYlwL._AC_US300_QL65_.jpg,1.5x,,https://images-fe.ssl-images-amazon.com/images/I/41xv+GVYlwL._AC_US400_QL65_.jpg,2x,,https://images-fe.ssl-images-amazon.com/images/I/41xv+GVYlwL._AC_US500_QL65_.jpg,2.5000x']","https://www.amazon.co.jp/s/ref=nb_sb_ss_i_1_8?__mk_ja_JP=%E3%82%AB%E3%82%BF%E3%82%AB%E3%83%8A&url=search-alias%3Daps&field-keywords=%E3%83%89%E3%83%A9%E3%82%B4%E3%83%B3%E3%83%9C%E3%83%BC%E3%83%AB+%E3%83%95%E3%82%A3%E3%82%AE%E3%83%A5%E3%82%A2&sprefix=%E3%83%89%E3%83%A9%E3%82%B4%E3%83%B3%E3%83%9C%E3%83%BC%E3%83%AB%E3%80%80%2Caps%2C257&crid=WEGOD18PSAMO"
"B076VSX9WF","ドラゴンボール超 Grandista Resolution of Soldiers SUPER SAIYAN ROSE 超サイヤ人ロゼ ゴクウブラック","￥ 4,180","https://www.amazon.co.jphttps://www.amazon.co.jp/%E3%83%89%E3%83%A9%E3%82%B4%E3%83%B3%E3%83%9C%E3%83%BC%E3%83%AB%E8%B6%85-Grandista-Resolution-Soldiers-%E8%B6%85%E3%82%B5%E3%82%A4%E3%83%A4%E4%BA%BA%E3%83%AD%E3%82%BC/dp/B076VSX9WF/ref=sr_1_26/355-2805812-2436840?ie=UTF8&qid=1552485546&sr=8-26&keywords=%E3%83%89%E3%83%A9%E3%82%B4%E3%83%B3%E3%83%9C%E3%83%BC%E3%83%AB+%E3%83%95%E3%82%A3%E3%82%AE%E3%83%A5%E3%82%A2","prime","['https://images-fe.ssl-images-amazon.com/images/I/41D+VsXyszL._AC_US200_.jpg,1x,,https://images-fe.ssl-images-amazon.com/images/I/41D+VsXyszL._AC_US300_QL65_.jpg,1.5x,,https://images-fe.ssl-images-amazon.com/images/I/41D+VsXyszL._AC_US400_QL65_.jpg,2x,,https://images-fe.ssl-images-amazon.com/images/I/41D+VsXyszL._AC_US500_QL65_.jpg,2.5000x']","https://www.amazon.co.jp/s/ref=nb_sb_ss_i_1_8?__mk_ja_JP=%E3%82%AB%E3%82%BF%E3%82%AB%E3%83%8A&url=search-alias%3Daps&field-keywords=%E3%83%89%E3%83%A9%E3%82%B4%E3%83%B3%E3%83%9C%E3%83%BC%E3%83%AB+%E3%83%95%E3%82%A3%E3%82%AE%E3%83%A5%E3%82%A2&sprefix=%E3%83%89%E3%83%A9%E3%82%B4%E3%83%B3%E3%83%9C%E3%83%BC%E3%83%AB%E3%80%80%2Caps%2C257&crid=WEGOD18PSAMO"
"B07GSMFF3W","映画ドラゴンボール超 ULTIMATE SOLDIERS THE MOVIE-Ⅰ ブロリー","￥ 2,335","https://www.amazon.co.jphttps://www.amazon.co.jp/%E6%98%A0%E7%94%BB%E3%83%89%E3%83%A9%E3%82%B4%E3%83%B3%E3%83%9C%E3%83%BC%E3%83%AB%E8%B6%85-ULTIMATE-SOLDIERS-MOVIE-%E2%85%A0-%E3%83%96%E3%83%AD%E3%83%AA%E3%83%BC/dp/B07GSMFF3W/ref=sr_1_27/355-2805812-2436840?ie=UTF8&qid=1552485546&sr=8-27&keywords=%E3%83%89%E3%83%A9%E3%82%B4%E3%83%B3%E3%83%9C%E3%83%BC%E3%83%AB+%E3%83%95%E3%82%A3%E3%82%AE%E3%83%A5%E3%82%A2","prime","['https://images-fe.ssl-images-amazon.com/images/I/41Rcz0lKxxL._AC_US200_.jpg,1x,,https://images-fe.ssl-images-amazon.com/images/I/41Rcz0lKxxL._AC_US300_QL65_.jpg,1.5x,,https://images-fe.ssl-images-amazon.com/images/I/41Rcz0lKxxL._AC_US400_QL65_.jpg,2x,,https://images-fe.ssl-images-amazon.com/images/I/41Rcz0lKxxL._AC_US500_QL65_.jpg,2.5000x']","https://www.amazon.co.jp/s/ref=nb_sb_ss_i_1_8?__mk_ja_JP=%E3%82%AB%E3%82%BF%E3%82%AB%E3%83%8A&url=search-alias%3Daps&field-keywords=%E3%83%89%E3%83%A9%E3%82%B4%E3%83%B3%E3%83%9C%E3%83%BC%E3%83%AB+%E3%83%95%E3%82%A3%E3%82%AE%E3%83%A5%E3%82%A2&sprefix=%E3%83%89%E3%83%A9%E3%82%B4%E3%83%B3%E3%83%9C%E3%83%BC%E3%83%AB%E3%80%80%2Caps%2C257&crid=WEGOD18PSAMO"
"B07L2DXVL5","S.H.フィギュアーツ ドラゴンボール スーパーサイヤ人ゴッドスーパーサイヤ人ゴジータ 約140mm ABS&PVC製 塗装済み可動フィギュア","￥ 7,920","https://www.amazon.co.jphttps://www.amazon.co.jp/S-H-%E3%83%95%E3%82%A3%E3%82%AE%E3%83%A5%E3%82%A2%E3%83%BC%E3%83%84-%E3%83%89%E3%83%A9%E3%82%B4%E3%83%B3%E3%83%9C%E3%83%BC%E3%83%AB-%E3%82%B9%E3%83%BC%E3%83%91%E3%83%BC%E3%82%B5%E3%82%A4%E3%83%A4%E4%BA%BA%E3%82%B4%E3%83%83%E3%83%89%E3%82%B9%E3%83%BC%E3%83%91%E3%83%BC%E3%82%B5%E3%82%A4%E3%83%A4%E4%BA%BA%E3%82%B4%E3%82%B8%E3%83%BC%E3%82%BF-%E7%B4%84140mm-%E5%A1%97%E8%A3%85%E6%B8%88%E3%81%BF%E5%8F%AF%E5%8B%95%E3%83%95%E3%82%A3%E3%82%AE%E3%83%A5%E3%82%A2/dp/B07L2DXVL5/ref=sr_1_28/355-2805812-2436840?ie=UTF8&qid=1552485546&sr=8-28&keywords=%E3%83%89%E3%83%A9%E3%82%B4%E3%83%B3%E3%83%9C%E3%83%BC%E3%83%AB+%E3%83%95%E3%82%A3%E3%82%AE%E3%83%A5%E3%82%A2","prime","['https://images-fe.ssl-images-amazon.com/images/I/41CJtnsAR+L._AC_US200_.jpg,1x,,https://images-fe.ssl-images-amazon.com/images/I/41CJtnsAR+L._AC_US300_QL65_.jpg,1.5x,,https://images-fe.ssl-images-amazon.com/images/I/41CJtnsAR+L._AC_US400_QL65_.jpg,2x,,https://images-fe.ssl-images-amazon.com/images/I/41CJtnsAR+L._AC_US500_QL65_.jpg,2.5000x']","https://www.amazon.co.jp/s/ref=nb_sb_ss_i_1_8?__mk_ja_JP=%E3%82%AB%E3%82%BF%E3%82%AB%E3%83%8A&url=search-alias%3Daps&field-keywords=%E3%83%89%E3%83%A9%E3%82%B4%E3%83%B3%E3%83%9C%E3%83%BC%E3%83%AB+%E3%83%95%E3%82%A3%E3%82%AE%E3%83%A5%E3%82%A2&sprefix=%E3%83%89%E3%83%A9%E3%82%B4%E3%83%B3%E3%83%9C%E3%83%BC%E3%83%AB%E3%80%80%2Caps%2C257&crid=WEGOD18PSAMO"
"B0765PJ16Q","ドラゴンボールZ　Grandista - Resolution of Soldiers - VEGETA　バンプレスト プライズ","￥ 4,900","https://www.amazon.co.jphttps://www.amazon.co.jp/%E3%83%89%E3%83%A9%E3%82%B4%E3%83%B3%E3%83%9C%E3%83%BC%E3%83%ABZ-Grandista-Resolution-Soldiers-VEGETA-%E3%83%90%E3%83%B3%E3%83%97%E3%83%AC%E3%82%B9%E3%83%88-%E3%83%97%E3%83%A9%E3%82%A4%E3%82%BA/dp/B0765PJ16Q/ref=sr_1_29/355-2805812-2436840?ie=UTF8&qid=1552485546&sr=8-29&keywords=%E3%83%89%E3%83%A9%E3%82%B4%E3%83%B3%E3%83%9C%E3%83%BC%E3%83%AB+%E3%83%95%E3%82%A3%E3%82%AE%E3%83%A5%E3%82%A2","prime","['https://images-fe.ssl-images-amazon.com/images/I/41LZo+781WL._AC_US200_.jpg,1x,,https://images-fe.ssl-images-amazon.com/images/I/41LZo+781WL._AC_US300_QL65_.jpg,1.5x,,https://images-fe.ssl-images-amazon.com/images/I/41LZo+781WL._AC_US400_QL65_.jpg,2x,,https://images-fe.ssl-images-amazon.com/images/I/41LZo+781WL._AC_US500_QL65_.jpg,2.5000x']","https://www.amazon.co.jp/s/ref=nb_sb_ss_i_1_8?__mk_ja_JP=%E3%82%AB%E3%82%BF%E3%82%AB%E3%83%8A&url=search-alias%3Daps&field-keywords=%E3%83%89%E3%83%A9%E3%82%B4%E3%83%B3%E3%83%9C%E3%83%BC%E3%83%AB+%E3%83%95%E3%82%A3%E3%82%AE%E3%83%A5%E3%82%A2&sprefix=%E3%83%89%E3%83%A9%E3%82%B4%E3%83%B3%E3%83%9C%E3%83%BC%E3%83%AB%E3%80%80%2Caps%2C257&crid=WEGOD18PSAMO"
"B079FKYBSX","一番くじ ドラゴンボール ～超戦士バトル列伝～　A賞 孫悟空 フィギュア 全１種","￥ 3,599","https://www.amazon.co.jphttps://www.amazon.co.jp/%E4%B8%80%E7%95%AA%E3%81%8F%E3%81%98-%E3%83%89%E3%83%A9%E3%82%B4%E3%83%B3%E3%83%9C%E3%83%BC%E3%83%AB-%EF%BD%9E%E8%B6%85%E6%88%A6%E5%A3%AB%E3%83%90%E3%83%88%E3%83%AB%E5%88%97%E4%BC%9D%EF%BD%9E-A%E8%B3%9E-%E5%AD%AB%E6%82%9F%E7%A9%BA-%E3%83%95%E3%82%A3%E3%82%AE%E3%83%A5%E3%82%A2/dp/B079FKYBSX/ref=sr_1_30/355-2805812-2436840?ie=UTF8&qid=1552485546&sr=8-30&keywords=%E3%83%89%E3%83%A9%E3%82%B4%E3%83%B3%E3%83%9C%E3%83%BC%E3%83%AB+%E3%83%95%E3%82%A3%E3%82%AE%E3%83%A5%E3%82%A2","prime","['https://images-fe.ssl-images-amazon.com/images/I/41btogXNtzL._AC_US200_.jpg,1x,,https://images-fe.ssl-images-amazon.com/images/I/41btogXNtzL._AC_US300_QL65_.jpg,1.5x,,https://images-fe.ssl-images-amazon.com/images/I/41btogXNtzL._AC_US400_QL65_.jpg,2x,,https://images-fe.ssl-images-amazon.com/images/I/41btogXNtzL._AC_US500_QL65_.jpg,2.5000x']","https://www.amazon.co.jp/s/ref=nb_sb_ss_i_1_8?__mk_ja_JP=%E3%82%AB%E3%82%BF%E3%82%AB%E3%83%8A&url=search-alias%3Daps&field-keywords=%E3%83%89%E3%83%A9%E3%82%B4%E3%83%B3%E3%83%9C%E3%83%BC%E3%83%AB+%E3%83%95%E3%82%A3%E3%82%AE%E3%83%A5%E3%82%A2&sprefix=%E3%83%89%E3%83%A9%E3%82%B4%E3%83%B3%E3%83%9C%E3%83%BC%E3%83%AB%E3%80%80%2Caps%2C257&crid=WEGOD18PSAMO"
"B07CJX7ZXV","ドラゴンボール超 Grandista Resolution of Soldiers SON GOKOU#3 孫悟空 身勝手の極意　通常カラー単品　28㎝！","￥ 2,975","https://www.amazon.co.jphttps://www.amazon.co.jp/%E3%83%89%E3%83%A9%E3%82%B4%E3%83%B3%E3%83%9C%E3%83%BC%E3%83%AB%E8%B6%85-Grandista-Resolution-Soldiers-%E8%BA%AB%E5%8B%9D%E6%89%8B%E3%81%AE%E6%A5%B5%E6%84%8F-%E9%80%9A%E5%B8%B8%E3%82%AB%E3%83%A9%E3%83%BC%E5%8D%98%E5%93%81-28%E3%8E%9D%EF%BC%81/dp/B07CJX7ZXV/ref=sr_1_31/355-2805812-2436840?ie=UTF8&qid=1552485546&sr=8-31&keywords=%E3%83%89%E3%83%A9%E3%82%B4%E3%83%B3%E3%83%9C%E3%83%BC%E3%83%AB+%E3%83%95%E3%82%A3%E3%82%AE%E3%83%A5%E3%82%A2","prime","['https://images-fe.ssl-images-amazon.com/images/I/41NdlRFEKvL._AC_US200_.jpg,1x,,https://images-fe.ssl-images-amazon.com/images/I/41NdlRFEKvL._AC_US300_QL65_.jpg,1.5x,,https://images-fe.ssl-images-amazon.com/images/I/41NdlRFEKvL._AC_US400_QL65_.jpg,2x,,https://images-fe.ssl-images-amazon.com/images/I/41NdlRFEKvL._AC_US500_QL65_.jpg,2.5000x']","https://www.amazon.co.jp/s/ref=nb_sb_ss_i_1_8?__mk_ja_JP=%E3%82%AB%E3%82%BF%E3%82%AB%E3%83%8A&url=search-alias%3Daps&field-keywords=%E3%83%89%E3%83%A9%E3%82%B4%E3%83%B3%E3%83%9C%E3%83%BC%E3%83%AB+%E3%83%95%E3%82%A3%E3%82%AE%E3%83%A5%E3%82%A2&sprefix=%E3%83%89%E3%83%A9%E3%82%B4%E3%83%B3%E3%83%9C%E3%83%BC%E3%83%AB%E3%80%80%2Caps%2C257&crid=WEGOD18PSAMO"
"B07B453X1V","S.H.フィギュアーツ ドラゴンボール 魔人ブウ ‐善‐ 約180mm ABS&PVC製 塗装済み可動フィギュア","￥ 9,000","https://www.amazon.co.jphttps://www.amazon.co.jp/S-H-%E3%83%95%E3%82%A3%E3%82%AE%E3%83%A5%E3%82%A2%E3%83%BC%E3%83%84-%E3%83%89%E3%83%A9%E3%82%B4%E3%83%B3%E3%83%9C%E3%83%BC%E3%83%AB-%E9%AD%94%E4%BA%BA%E3%83%96%E3%82%A6-%E7%B4%84180mm-%E5%A1%97%E8%A3%85%E6%B8%88%E3%81%BF%E5%8F%AF%E5%8B%95%E3%83%95%E3%82%A3%E3%82%AE%E3%83%A5%E3%82%A2/dp/B07B453X1V/ref=sr_1_32/355-2805812-2436840?ie=UTF8&qid=1552485546&sr=8-32&keywords=%E3%83%89%E3%83%A9%E3%82%B4%E3%83%B3%E3%83%9C%E3%83%BC%E3%83%AB+%E3%83%95%E3%82%A3%E3%82%AE%E3%83%A5%E3%82%A2","prime","['https://images-fe.ssl-images-amazon.com/images/I/41V3rwrEDsL._AC_US200_.jpg,1x,,https://images-fe.ssl-images-amazon.com/images/I/41V3rwrEDsL._AC_US300_QL65_.jpg,1.5x,,https://images-fe.ssl-images-amazon.com/images/I/41V3rwrEDsL._AC_US400_QL65_.jpg,2x,,https://images-fe.ssl-images-amazon.com/images/I/41V3rwrEDsL._AC_US500_QL65_.jpg,2.5000x']","https://www.amazon.co.jp/s/ref=nb_sb_ss_i_1_8?__mk_ja_JP=%E3%82%AB%E3%82%BF%E3%82%AB%E3%83%8A&url=search-alias%3Daps&field-keywords=%E3%83%89%E3%83%A9%E3%82%B4%E3%83%B3%E3%83%9C%E3%83%BC%E3%83%AB+%E3%83%95%E3%82%A3%E3%82%AE%E3%83%A5%E3%82%A2&sprefix=%E3%83%89%E3%83%A9%E3%82%B4%E3%83%B3%E3%83%9C%E3%83%BC%E3%83%AB%E3%80%80%2Caps%2C257&crid=WEGOD18PSAMO"
